,match_id,color,team_id,team_slug,team_name,team_region,core_shots,core_goals,core_saves,core_assists,core_score,core_shooting_percentage,boost_bpm,boost_bcpm,boost_avg_amount,boost_amount_collected,boost_amount_stolen,boost_amount_collected_big,boost_amount_stolen_big,boost_amount_collected_small,boost_amount_stolen_small,boost_count_collected_big,boost_count_stolen_big,boost_count_collected_small,boost_count_stolen_small,boost_amount_overfill,boost_amount_overfill_stolen,boost_amount_used_while_supersonic,boost_time_zero_boost,boost_time_full_boost,boost_time_boost_0_25,boost_time_boost_25_50,boost_time_boost_50_75,boost_time_boost_75_100,movement_total_distance,movement_time_supersonic_speed,movement_time_boost_speed,movement_time_slow_speed,movement_time_ground,movement_time_low_air,movement_time_high_air,movement_time_powerslide,movement_count_powerslide,positioning_time_defensive_third,positioning_time_neutral_third,positioning_time_offensive_third,positioning_time_defensive_half,positioning_time_offensive_half,positioning_time_behind_ball,positioning_time_in_front_ball,demo_inflicted,demo_taken,score,winner
7274,62336d87da9d7ca1c7baad15,blue,6020c2b7f1e4807cc702ac15,https://octane.gg/teams/ac15-team-queso,TEAM QUESO,Europe,42.0,15.0,8.0,13.0,4624.0,35.714285714285715,4006.0,4229.56044,467.87,23727.0,6273.0,16992.0,3796.0,6735.0,2477.0,205.0,45.0,596.0,215.0,3813.0,778.0,3539.0,335.1,423.19,995.1799999999998,669.5,512.15,925.02,4831549.0,600.67,1334.8,1241.89,1755.88,1173.51,247.96,57.940000000000005,554.0,1203.8300000000002,1084.28,889.24,1733.5,1443.88,2349.8,827.55,11.0,7.0,3.0,True
7275,62336d87da9d7ca1c7baad15,orange,60b63cfdfec4a0857e7ba00c,https://octane.gg/teams/a00c-detonator,DETONATOR,Asia-Pacific North,13.0,1.0,17.0,1.0,2364.0,7.6923076923076925,3868.0,4052.96995,401.8299999999999,22736.0,3731.0,15874.0,2046.0,6862.0,1685.0,183.0,22.0,586.0,134.0,2374.0,157.0,2630.0,505.29,223.1,1320.31,697.36,449.65,632.22,4669400.0,567.9300000000001,1262.16,1332.4,1578.13,1348.64,235.68,90.61,742.0,1832.15,929.81,400.53,2336.58,825.8900000000001,2129.4700000000003,1033.02,7.0,11.0,0.0,False
7276,62336d87da9d7ca1c7baad16,blue,605aca6853a71a78eacbc155,https://octane.gg/teams/c155-faze-clan,FAZE CLAN,North America,31.0,2.0,6.0,2.0,2208.0,6.451612903225806,4068.0,4053.02835,458.3,22488.0,5188.0,15993.0,2983.0,6495.0,2205.0,199.0,40.0,574.0,201.0,4104.0,995.0,3771.0,324.11,391.34,926.89,614.85,611.5999999999999,827.74,4665053.0,577.75,1232.0,1234.03,1710.0500000000002,1110.83,222.91000000000005,81.4,779.0,1252.83,1045.55,745.4399999999999,1804.35,1239.46,2191.48,852.3199999999999,10.0,12.0,0.0,False
7277,62336d87da9d7ca1c7baad16,orange,6020c1cdf1e4807cc7025d03,https://octane.gg/teams/5d03-version1,VERSION1,North America,13.0,5.0,21.0,4.0,3490.0,38.46153846153847,3696.0,3662.71173,399.66,20269.0,3843.0,13312.0,2411.0,6957.0,1432.0,157.0,26.0,581.0,121.0,2416.0,198.0,3381.0,382.45,230.55,1265.78,705.36,413.01,579.16,4495069.0,439.41,1237.56,1371.67,1670.1099999999997,1166.62,211.91,59.47,597.0,1690.33,911.77,446.55000000000007,2193.49,855.1500000000001,2293.45,755.1999999999999,12.0,10.0,3.0,True
7278,62336d87da9d7ca1c7baad17,blue,6020c2b7f1e4807cc702ac15,https://octane.gg/teams/ac15-team-queso,TEAM QUESO,Europe,47.0,9.0,16.0,8.0,4360.0,19.148936170212767,5417.0,5620.597019999999,613.61,32732.0,7893.0,22951.0,4787.0,9781.0,3106.0,279.0,55.0,835.0,270.0,5188.0,729.0,5117.0,449.82,505.94000000000005,1484.05,846.4899999999999,758.49,1167.5700000000002,6661966.0,886.1500000000001,1744.61,1727.69,2439.83,1629.0099999999998,289.62,80.77,786.0,1868.63,1504.89,984.9399999999998,2654.73,1703.73,3087.6900000000005,1270.81,19.0,15.0,1.0,False
7279,62336d87da9d7ca1c7baad17,orange,6020c1cdf1e4807cc7025d03,https://octane.gg/teams/5d03-version1,VERSION1,North America,36.0,11.0,28.0,8.0,5306.0,30.55555555555556,4993.0,5028.1222,545.0,29430.0,5319.0,19729.0,3093.0,9701.0,2226.0,228.0,35.0,817.0,189.0,3072.0,423.0,4753.0,577.9300000000001,334.04,1792.67,959.57,601.8799999999999,816.0799999999999,6308607.0,649.6100000000001,1744.3200000000002,1955.92,2349.61,1674.64,325.6,68.9,717.0,2301.57,1332.36,715.9300000000001,3066.28,1283.58,3220.8500000000004,1129.02,15.0,19.0,3.0,True
7280,62336d87da9d7ca1c7baad18,blue,605aca6853a71a78eacbc155,https://octane.gg/teams/c155-faze-clan,FAZE CLAN,North America,50.0,13.0,18.0,10.0,5218.0,26.0,5411.0,5468.50592,577.0999999999999,30993.0,7117.0,22380.0,4094.0,8613.0,3023.0,266.0,49.0,721.0,258.0,4395.0,790.0,4896.0,531.0500000000001,531.36,1441.6,846.23,748.67,1043.39,6329072.0,779.2,1696.61,1750.99,2358.15,1593.0800000000002,275.66,103.73,982.0,1706.2700000000002,1361.19,1159.4,2389.67,1837.16,3091.36,1135.4899999999998,17.0,19.0,3.0,True
7281,62336d87da9d7ca1c7baad18,orange,60b63cfdfec4a0857e7ba00c,https://octane.gg/teams/a00c-detonator,DETONATOR,Asia-Pacific North,26.0,6.0,23.0,4.0,3942.0,23.07692307692308,4955.0,5003.61961,560.8599999999999,28348.0,6119.0,18215.0,3821.0,10133.0,2298.0,214.0,43.0,810.0,198.0,3372.0,501.0,3181.0,594.24,256.87,1566.63,1002.59,616.02,896.46,6089137.0,671.74,1630.5,1931.39,2224.76,1758.4299999999998,250.45,133.03,1020.0,2359.35,1194.1,680.17,3008.73,1224.91,3052.2,1181.43,19.0,17.0,1.0,False
7282,62336d87da9d7ca1c7baad19,blue,6020c2b7f1e4807cc702ac15,https://octane.gg/teams/ac15-team-queso,TEAM QUESO,Europe,42.0,18.0,17.0,14.0,6292.0,42.85714285714285,6912.0,7049.22956,743.84,40047.0,9396.0,27872.0,5444.0,12175.0,3952.0,328.0,59.0,1074.0,349.0,5264.0,545.0,6787.0,576.9200000000001,595.65,1811.58,1195.15,862.4699999999999,1350.21,8075258.0,1016.05,2218.35,2143.35,3058.3900000000003,1988.64,330.68,105.62999999999998,1025.0,2291.39,1838.87,1247.52,3228.74,2148.9800000000005,3969.940000000001,1407.8,14.0,15.0,3.0,True
7283,62336d87da9d7ca1c7baad19,orange,605aca6853a71a78eacbc155,https://octane.gg/teams/c155-faze-clan,FAZE CLAN,North America,34.0,13.0,20.0,10.0,5435.0,38.23529411764706,6441.0,6602.30334,695.8299999999999,37530.0,8541.0,26558.0,5656.0,10972.0,2885.0,311.0,65.0,954.0,248.0,4586.0,813.0,5517.0,742.22,509.2600000000001,2010.61,1135.59,870.9200000000001,1175.45,7801362.0,933.06,2067.36,2381.12,2926.92,2102.2200000000003,352.36999999999995,121.73999999999998,1202.0,2913.49,1568.5,899.55,3822.4,1559.1,3862.98,1518.57,15.0,14.0,2.0,False
7284,62336d87da9d7ca1c7baad1a,blue,6020c1cdf1e4807cc7025d03,https://octane.gg/teams/5d03-version1,VERSION1,North America,31.0,9.0,16.0,9.0,4009.0,29.03225806451613,4195.0,4224.03158,415.27,23036.0,5786.0,16069.0,3562.0,6967.0,2224.0,200.0,43.0,614.0,200.0,3818.0,648.0,5424.0,360.26,305.09000000000003,1191.46,643.04,403.47,692.1099999999999,4801485.0,665.31,1266.68,1093.5,1685.85,1145.06,194.58,54.35,576.0,1324.9,979.03,721.5699999999999,1824.92,1200.46,2214.7200000000003,810.78,27.0,9.0,3.0,True
7285,62336d87da9d7ca1c7baad1a,orange,60b63cfdfec4a0857e7ba00c,https://octane.gg/teams/a00c-detonator,DETONATOR,Asia-Pacific North,19.0,1.0,14.0,0.0,2205.0,5.263157894736842,3956.0,3924.42958,407.86,21408.0,4322.0,14268.0,2273.0,7140.0,2049.0,177.0,28.0,628.0,185.0,3329.0,554.0,3626.0,480.13,176.76000000000002,1229.28,611.8,405.11,643.48,4629245.0,617.53,1234.66,1114.8,1636.94,1184.52,145.49,77.43,748.0,1484.45,920.72,561.79,1988.65,978.34,2011.57,955.4,9.0,27.0,0.0,False
7286,62336d87da9d7ca1c7baad1b,blue,6020bc70f1e4807cc70023a0,https://octane.gg/teams/23a0-nrg-esports,NRG ESPORTS,North America,29.0,8.0,21.0,4.0,4655.0,27.58620689655172,5119.0,5173.69263,576.31,30117.0,6032.0,22210.0,3517.0,7907.0,2515.0,267.0,41.0,703.0,215.0,4662.0,553.0,5271.0,457.26,456.05,1543.94,974.01,705.9200000000001,1032.66,6473578.0,788.4000000000001,1697.32,1880.47,2464.0,1582.42,319.75,92.33,1034.0,2141.82,1381.63,842.72,2875.67,1490.5,3206.5300000000007,1159.65,18.0,10.0,1.0,False
7287,62336d87da9d7ca1c7baad1b,orange,6065dbab45122f213019c81f,https://octane.gg/teams/c81f-furia-esports,FURIA ESPORTS,South America,43.0,13.0,17.0,11.0,5409.0,30.23255813953488,4416.0,4650.097610000001,631.05,27058.0,5558.0,17411.0,2909.0,9647.0,2649.0,218.0,34.0,872.0,232.0,4521.0,550.0,2323.0,292.93,443.55,1034.19,1006.58,909.01,1267.78,6056238.0,534.01,1635.57,2175.84,2500.25,1509.24,335.92,68.28,595.0,2165.22,1407.6,772.6300000000001,2926.17,1419.26,3198.9100000000003,1146.52,10.0,18.0,3.0,True
7288,62336d87da9d7ca1c7baad1c,blue,6020bc70f1e4807cc70023d9,https://octane.gg/teams/23d9-endpoint,ENDPOINT,Europe,29.0,8.0,12.0,6.0,3838.0,27.58620689655172,5032.0,5111.65473,617.92,28569.0,6383.0,19824.0,3628.0,8745.0,2755.0,246.0,41.0,771.0,241.0,4800.0,561.0,3288.0,409.17,448.05,1351.85,824.93,678.97,1150.97,6094147.0,612.25,1701.62,1808.03,2336.2,1463.11,322.5799999999999,81.78999999999999,926.0,1877.52,1360.4599999999998,883.8900000000001,2608.29,1513.57,2969.2500000000005,1152.62,11.0,15.0,3.0,True
7289,62336d87da9d7ca1c7baad1c,orange,6020bc70f1e4807cc70023fb,https://octane.gg/teams/23fb-renegades,RENEGADES,Oceania,22.0,5.0,14.0,4.0,3452.0,22.727272727272727,5403.0,5544.96618,553.85,30911.0,7112.0,20591.0,3762.0,10320.0,3350.0,245.0,43.0,886.0,284.0,3938.0,568.0,4512.0,549.91,287.9,1664.81,902.54,671.35,826.04,6281608.0,757.8500000000001,1687.21,1690.35,2139.89,1698.14,297.33000000000004,104.7,1040.0,1922.48,1346.1,866.8299999999999,2643.93,1491.4699999999998,2890.78,1244.61,15.0,11.0,1.0,False
7290,62336d87da9d7ca1c7baad1d,blue,6020bc70f1e4807cc70023a0,https://octane.gg/teams/23a0-nrg-esports,NRG ESPORTS,North America,27.0,12.0,8.0,7.0,3516.0,44.44444444444444,3864.0,3872.19173,433.12,22196.0,4994.0,15829.0,3031.0,6367.0,1963.0,189.0,38.0,569.0,177.0,3186.0,808.0,3979.0,294.84000000000003,330.71,1115.32,706.23,515.0699999999999,776.21,4886777.0,652.53,1282.97,1277.59,1831.05,1174.82,207.24,67.7,821.0,1470.37,1068.77,673.96,2067.4100000000003,1145.7,2462.02,751.0699999999999,13.0,15.0,3.0,True
7291,62336d87da9d7ca1c7baad1d,orange,6020bc70f1e4807cc70023fb,https://octane.gg/teams/23fb-renegades,RENEGADES,Oceania,14.0,4.0,10.0,4.0,2526.0,28.57142857142857,3936.0,4064.51488,414.39,23278.0,4919.0,15754.0,2696.0,7524.0,2223.0,190.0,33.0,641.0,198.0,3260.0,582.0,3382.0,436.64,218.52,1251.04,743.46,502.15,631.98,4785243.0,588.13,1267.91,1362.27,1645.4699999999998,1346.78,226.07,91.95,905.0,1639.1999999999998,1023.62,555.51,2196.66,1021.7,2238.29,980.07,15.0,13.0,0.0,False
7292,62336d87da9d7ca1c7baad1e,blue,6020bc70f1e4807cc70023d9,https://octane.gg/teams/23d9-endpoint,ENDPOINT,Europe,32.0,6.0,15.0,5.0,3845.0,18.75,5099.0,5333.80423,617.0,29087.0,6524.0,21108.0,3950.0,7979.0,2574.0,256.0,47.0,713.0,229.0,4732.0,787.0,3418.0,481.9,462.65,1374.09,869.3199999999999,711.25,1035.37,6156837.0,615.13,1828.49,1629.0300000000002,2215.48,1547.51,309.64,80.17,913.0,1614.58,1428.16,1029.91,2305.89,1766.7800000000002,2908.1,1164.5400000000002,13.0,4.0,1.0,False
7293,62336d87da9d7ca1c7baad1e,orange,6065dbab45122f213019c81f,https://octane.gg/teams/c81f-furia-esports,FURIA ESPORTS,South America,26.0,8.0,17.0,4.0,4017.0,30.76923076923077,4300.0,4502.349609999999,605.77,24580.0,4937.0,15285.0,2675.0,9295.0,2262.0,194.0,30.0,812.0,193.0,4195.0,347.0,2401.0,318.41,401.22,1149.56,933.96,815.8000000000001,1058.53,5604573.0,474.01,1480.1799999999998,2089.89,2319.96,1408.91,315.20000000000005,67.47999999999999,570.0,2182.53,1255.26,606.3,2885.2,1158.88,2937.23,1106.86,4.0,13.0,3.0,True
7294,62336d87da9d7ca1c7baad1f,blue,6020bc70f1e4807cc70023a0,https://octane.gg/teams/23a0-nrg-esports,NRG ESPORTS,North America,27.0,7.0,28.0,5.0,5261.0,25.925925925925924,6300.0,6425.43857,724.47,38005.0,7875.0,27213.0,5092.0,10792.0,2783.0,324.0,59.0,913.0,235.0,5354.0,747.0,6133.0,511.36,576.95,1879.08,1171.73,987.73,1338.1799999999998,8172752.0,908.71,2197.34,2393.65,3102.05,2033.58,364.03,127.46,1388.0,2839.7200000000003,1750.11,909.88,3805.68,1694.0,3927.29,1572.39,21.0,11.0,2.0,False
7295,62336d87da9d7ca1c7baad1f,orange,6020bc70f1e4807cc70023d9,https://octane.gg/teams/23d9-endpoint,ENDPOINT,Europe,45.0,12.0,14.0,9.0,5305.0,26.666666666666668,6096.0,6293.862430000001,768.44,37278.0,7981.0,25773.0,4236.0,11505.0,3745.0,312.0,56.0,1022.0,331.0,5568.0,1437.0,3982.0,548.27,549.1700000000001,1788.69,1121.55,1000.86,1404.47,8177185.0,789.6500000000001,2416.65,2266.17,3031.95,2069.07,371.46,116.51,1352.0,2281.62,1882.01,1308.78,3232.7699999999995,2239.65,4003.36,1469.08,11.0,21.0,3.0,True
7296,62336d87da9d7ca1c7baad20,blue,6020bc70f1e4807cc70023fb,https://octane.gg/teams/23fb-renegades,RENEGADES,Oceania,18.0,8.0,19.0,6.0,3545.0,44.44444444444444,3951.0,4067.32733,428.75000000000006,22709.0,5241.0,15743.0,3254.0,6966.0,1987.0,188.0,40.0,606.0,177.0,3007.0,769.0,3431.0,368.96,260.21000000000004,1087.27,716.56,564.3899999999999,675.12,4638166.0,546.05,1214.06,1370.55,1709.8000000000002,1230.66,190.19,91.76,856.0,1425.63,1088.7399999999998,616.26,2012.5,1118.15,2283.35,847.3100000000001,3.0,6.0,3.0,True
7297,62336d87da9d7ca1c7baad20,orange,6065dbab45122f213019c81f,https://octane.gg/teams/c81f-furia-esports,FURIA ESPORTS,South America,27.0,4.0,7.0,4.0,2430.0,14.814814814814811,3310.0,3459.93694,442.83,19354.0,4812.0,11781.0,2406.0,7573.0,2406.0,147.0,31.0,680.0,207.0,2933.0,674.0,2242.0,275.07,294.97,968.6900000000002,676.6700000000001,672.68,776.01,4529706.0,410.04,1250.13,1481.85,1795.92,1151.23,194.87,52.11,480.0,1432.34,1087.7800000000002,621.9100000000001,1996.15,1145.88,2159.67,982.36,6.0,3.0,0.0,False
7298,62336d87da9d7ca1c7baad21,blue,6020bc70f1e4807cc70023a5,https://octane.gg/teams/23a5-g2-esports,G2 ESPORTS,North America,38.0,7.0,18.0,5.0,4488.0,18.421052631578945,5334.0,5385.90902,588.64,32790.0,8944.0,23069.0,5555.0,9721.0,3389.0,287.0,70.0,832.0,293.0,5751.0,1560.0,5454.0,546.25,521.1700000000001,1541.1799999999998,896.81,840.1500000000001,1100.08,7053384.0,860.64,1942.83,1690.87,2457.94,1711.6,324.81,113.77,1169.0,1828.43,1506.69,1159.2400000000002,2628.3,1866.05,3159.67,1334.67,19.0,7.0,3.0,True
7299,62336d87da9d7ca1c7baad21,orange,6020bc9bf1e4807cc70041b4,https://octane.gg/teams/41b4-evil-geniuses,EVIL GENIUSES,Europe,29.0,5.0,25.0,4.0,4468.0,17.24137931034483,4634.0,4634.07073,562.88,28315.0,4940.0,18973.0,2841.0,9342.0,2099.0,217.0,33.0,818.0,186.0,2719.0,486.0,2877.0,671.28,352.07,1797.11,979.73,705.5600000000001,856.6,6369200.0,578.0899999999999,1727.26,2153.82,2391.21,1777.1,290.8,97.34,1031.0,2390.86,1367.99,700.27,3115.34,1343.81,3291.58,1167.56,7.0,19.0,1.0,False
7300,62336d87da9d7ca1c7baad22,blue,6020bd98f1e4807cc700dc74,https://octane.gg/teams/dc74-team-bds,TEAM BDS,Europe,46.0,7.0,17.0,5.0,4277.0,15.217391304347828,3806.0,3819.51603,451.11,26271.0,5670.0,18331.0,3321.0,7940.0,2349.0,208.0,38.0,696.0,206.0,2516.0,511.0,3036.0,408.43,275.20000000000005,1275.73,799.9200000000001,669.92,951.9399999999998,5528154.0,558.61,1493.33,1713.93,2089.09,1410.7,266.1,80.36,806.0,1567.85,1266.74,931.29,2199.23,1566.65,2804.41,961.48,14.0,15.0,3.0,True
7301,62336d87da9d7ca1c7baad22,orange,6020bcd5f1e4807cc7006767,https://octane.gg/teams/6767-team-secret,TEAM SECRET,South America,24.0,2.0,33.0,2.0,4335.0,8.333333333333332,3451.0,3521.8856800000003,443.65,24249.0,4418.0,16700.0,2458.0,7549.0,1960.0,201.0,30.0,665.0,173.0,3470.0,596.0,2711.0,392.94000000000005,367.8,1213.69,897.22,620.35,985.83,5579443.0,535.84,1558.02,1673.43,2151.88,1363.66,251.77,80.82000000000001,697.0,1953.57,1166.1799999999998,647.5699999999999,2576.8,1190.48,2720.49,1046.81,15.0,14.0,0.0,False
7302,62336d87da9d7ca1c7baad23,blue,6020bc70f1e4807cc70023a5,https://octane.gg/teams/23a5-g2-esports,G2 ESPORTS,North America,52.0,11.0,28.0,10.0,6229.0,21.153846153846157,6468.0,6580.9506,754.3599999999999,38588.0,9305.0,27700.0,5588.0,10888.0,3717.0,341.0,69.0,962.0,318.0,6578.0,1432.0,6868.0,617.23,662.66,1788.08,1161.61,910.6,1403.04,8312198.0,1037.64,2193.09,2189.4700000000003,3006.74,2069.27,344.17,144.75,1482.0,2472.02,1723.34,1224.8,3388.5,2031.69,3881.82,1538.37,27.0,20.0,3.0,True
7303,62336d87da9d7ca1c7baad23,orange,6020bcd5f1e4807cc7006767,https://octane.gg/teams/6767-team-secret,TEAM SECRET,South America,40.0,7.0,26.0,6.0,5151.0,17.5,5786.0,5884.571199999999,737.96,34402.0,7139.0,23602.0,4485.0,10800.0,2654.0,283.0,53.0,944.0,224.0,4661.0,690.0,4111.0,572.94,564.35,1739.69,1128.96,1003.0,1407.32,7973141.0,760.22,2235.7,2402.09,3095.57,1950.29,352.14,105.35,918.0,2718.09,1689.62,990.31,3690.86,1707.1,3927.74,1470.3,20.0,27.0,2.0,False
7304,62336d87da9d7ca1c7baad24,blue,6020bd98f1e4807cc700dc74,https://octane.gg/teams/dc74-team-bds,TEAM BDS,Europe,44.0,6.0,21.0,3.0,5413.0,13.636363636363637,6163.0,6274.30979,725.04,46849.0,11113.0,32491.0,6561.0,14358.0,4552.0,376.0,77.0,1277.0,400.0,5490.0,1228.0,6483.0,807.4599999999999,517.6500000000001,2310.24,1417.89,1292.42,1687.4899999999998,10164073.0,1036.09,2789.3,2952.57,3823.41,2520.93,433.64,147.94,1451.0,2947.96,2302.96,1527.06,4103.35,2674.57,5077.33,1700.66,23.0,11.0,3.0,True
7305,62336d87da9d7ca1c7baad24,orange,6020bc9bf1e4807cc70041b4,https://octane.gg/teams/41b4-evil-geniuses,EVIL GENIUSES,Europe,34.0,6.0,31.0,6.0,6393.0,17.647058823529413,6126.0,6190.118930000001,755.27,45285.0,9113.0,31493.0,5157.0,13792.0,3956.0,368.0,59.0,1180.0,320.0,5401.0,649.0,4901.0,951.94,652.98,2413.13,1473.54,1086.01,1648.82,9700885.0,886.65,2588.61,3266.61,3595.38,2638.98,507.53,140.20999999999998,1510.0,3311.3899999999994,2098.24,1332.27,4431.62,2310.26,4870.11,1871.77,11.0,23.0,2.0,False
7306,62336d87da9d7ca1c7baad25,blue,6020bc70f1e4807cc70023a5,https://octane.gg/teams/23a5-g2-esports,G2 ESPORTS,North America,43.0,11.0,34.0,9.0,6679.0,25.58139534883721,6581.0,6729.47493,715.78,42699.0,9752.0,30718.0,6552.0,11981.0,3200.0,365.0,75.0,1011.0,290.0,5754.0,893.0,6582.0,756.3399999999999,656.59,2173.83,1279.6,980.26,1341.19,9030485.0,1082.7599999999998,2418.61,2453.74,3231.5,2280.24,443.36,149.13,1573.0,2855.35,1883.05,1216.68,3849.21,2105.87,4333.6,1621.48,23.0,19.0,3.0,True
7307,62336d87da9d7ca1c7baad25,orange,6020bd98f1e4807cc700dc74,https://octane.gg/teams/dc74-team-bds,TEAM BDS,Europe,52.0,11.0,26.0,9.0,6217.0,21.153846153846157,5992.0,6038.66146,699.64,38714.0,8158.0,25388.0,4240.0,13326.0,3918.0,288.0,51.0,1147.0,322.0,3546.0,849.0,5395.0,698.22,404.5799999999999,2228.17,1341.26,970.4199999999998,1245.35,8598841.0,875.5500000000001,2355.71,2702.18,3331.44,2181.19,420.82,116.3,1213.0,2868.22,1901.94,1163.27,3864.46,2068.96,4387.06,1546.38,19.0,23.0,2.0,False
7308,62336d87da9d7ca1c7baad26,blue,6020bcd5f1e4807cc7006767,https://octane.gg/teams/6767-team-secret,TEAM SECRET,South America,13.0,6.0,19.0,5.0,3681.0,46.15384615384615,4382.0,4618.44473,610.6999999999999,25462.0,4691.0,17114.0,2719.0,8348.0,1972.0,206.0,31.0,719.0,166.0,3651.0,412.0,2935.0,388.67,480.54,1203.48,879.89,783.5,1155.66,5850638.0,577.22,1545.1799999999998,1976.66,2409.16,1456.82,233.11,81.64,692.0,2338.29,1156.75,604.03,2993.27,1105.81,2941.25,1157.79,18.0,12.0,1.0,False
7309,62336d87da9d7ca1c7baad26,orange,6020bc9bf1e4807cc70041b4,https://octane.gg/teams/41b4-evil-geniuses,EVIL GENIUSES,Europe,44.0,9.0,6.0,6.0,3624.0,20.454545454545457,4971.0,5113.06562,589.4200000000001,28197.0,6057.0,19627.0,3049.0,8570.0,3008.0,225.0,37.0,729.0,249.0,3197.0,712.0,2570.0,538.82,439.41,1488.65,819.21,650.0799999999999,999.82,5917264.0,580.28,1645.3,1856.73,2172.96,1623.59,285.74,75.31,866.0,1656.25,1367.31,1058.7599999999998,2309.6600000000003,1772.6600000000003,3095.96,986.37,12.0,18.0,3.0,True
7310,62336d87da9d7ca1c7baad27,blue,6020bc70f1e4807cc70023e9,https://octane.gg/teams/23e9-dignitas,DIGNITAS,Europe,53.0,10.0,30.0,9.0,5825.0,18.867924528301888,4855.0,4988.95348,570.51,27179.0,5714.0,18545.0,3203.0,8634.0,2511.0,219.0,37.0,723.0,215.0,3582.0,528.0,4060.0,501.16,328.7,1419.06,899.8800000000001,705.14,909.3300000000002,5910025.0,608.48,1649.0300000000002,1742.19,2198.87,1534.19,266.64,80.66,726.0,1854.42,1286.91,858.41,2545.97,1453.74,2875.21,1124.48,4.0,20.0,2.0,False
7311,62336d87da9d7ca1c7baad27,orange,6020bc70f1e4807cc7002389,https://octane.gg/teams/2389-spacestation-gaming,SPACESTATION GAMING,North America,49.0,9.0,30.0,6.0,5595.0,18.367346938775512,5210.0,5216.4865,578.28,28306.0,6779.0,20164.0,4058.0,8142.0,2721.0,238.0,48.0,697.0,231.0,3530.0,681.0,6005.0,558.81,443.59,1457.39,812.3499999999999,710.69,941.21,6019762.0,704.51,1563.2400000000002,1774.6799999999998,2303.88,1494.6,243.94,99.44,915.0,1920.37,1263.82,858.23,2613.44,1429.0300000000002,2813.08,1229.37,20.0,4.0,3.0,True
7312,62336d87da9d7ca1c7baad29,blue,6020bc70f1e4807cc70023e9,https://octane.gg/teams/23e9-dignitas,DIGNITAS,Europe,45.0,14.0,21.0,12.0,5611.0,31.11111111111111,4916.0,5057.79335,545.25,29229.0,5630.0,20052.0,2814.0,9177.0,2816.0,233.0,33.0,789.0,247.0,3313.0,540.0,3776.0,506.43,397.42,1607.73,964.0800000000002,672.95,916.27,6087262.0,608.38,1674.17,2060.48,2436.03,1626.17,280.82,76.97,752.0,1995.22,1455.21,892.63,2752.36,1590.69,3204.08,1138.96,19.0,20.0,3.0,True
7313,62336d87da9d7ca1c7baad29,orange,6020c1bef1e4807cc70258d0,https://octane.gg/teams/58d0-pioneers,PIONEERS,Oceania,37.0,10.0,22.0,10.0,4951.0,27.027027027027028,5318.0,5388.41351,565.48,31129.0,5449.0,21658.0,2898.0,9471.0,2551.0,258.0,34.0,812.0,217.0,4232.0,560.0,5754.0,459.7000000000001,371.54,1594.29,1025.4299999999998,645.46,912.59,6459998.0,799.24,1785.36,1760.7999999999995,2445.8,1658.0300000000002,241.57,95.93,1063.0,2211.17,1364.66,769.53,2971.3,1374.02,3167.53,1177.83,20.0,19.0,1.0,False
7314,623cf633da9d7ca1c7bab2b2,blue,6020bc70f1e4807cc70023d9,https://octane.gg/teams/23d9-endpoint,ENDPOINT,Europe,32.0,8.0,19.0,7.0,4467.0,25.0,4930.0,5091.46687,604.06,28534.0,5148.0,20278.0,2939.0,8256.0,2209.0,244.0,35.0,727.0,193.0,4235.0,598.0,3452.0,447.15,414.67,1457.28,901.73,660.31,1038.29,6169376.0,621.91,1746.37,1812.34,2290.96,1564.77,324.89,83.53999999999999,970.0,1992.57,1356.92,831.0900000000001,2664.56,1515.9899999999998,3132.44,1048.18,10.0,9.0,1.0,False
7315,623cf633da9d7ca1c7bab2b2,orange,6065dbab45122f213019c81f,https://octane.gg/teams/c81f-furia-esports,FURIA ESPORTS,South America,33.0,8.0,19.0,8.0,4392.0,24.24242424242424,4559.0,4777.000330000001,602.88,26763.0,6145.0,17301.0,3353.0,9462.0,2792.0,214.0,39.0,851.0,246.0,4221.0,575.0,2802.0,298.37,439.64,1182.66,1055.43,867.3599999999999,982.42,5848802.0,459.53,1637.7900000000002,2082.56,2426.74,1440.05,313.03,61.39,530.0,2004.32,1353.45,822.0699999999999,2725.91,1453.9299999999998,2951.88,1227.99,9.0,10.0,3.0,True
7316,623cf633da9d7ca1c7bab2b3,blue,6020bc70f1e4807cc70023a0,https://octane.gg/teams/23a0-nrg-esports,NRG ESPORTS,North America,32.0,11.0,14.0,9.0,4260.0,34.375,3868.0,3869.68457,434.2,21578.0,4546.0,15197.0,2730.0,6381.0,1816.0,182.0,32.0,562.0,162.0,3220.0,472.0,3155.0,364.93,360.17,1133.24,661.53,503.44999999999993,759.5400000000001,4617872.0,552.4300000000001,1183.6899999999998,1396.66,1800.96,1136.0,195.82,71.63,785.0,1555.58,977.05,600.14,2087.21,1045.6,2344.13,788.6399999999999,12.0,9.0,3.0,True
7317,623cf633da9d7ca1c7bab2b3,orange,6020bc70f1e4807cc70023fb,https://octane.gg/teams/23fb-renegades,RENEGADES,Oceania,28.0,4.0,12.0,3.0,2930.0,14.285714285714285,3887.0,4033.70829,397.84,22529.0,5379.0,15500.0,3258.0,7029.0,2121.0,178.0,36.0,608.0,185.0,2324.0,355.0,2614.0,497.1,217.2,1298.9499999999998,692.21,446.54,595.69,4525269.0,501.07,1230.4,1388.62,1626.0,1300.32,193.77,78.92999999999999,747.0,1442.31,1036.06,641.72,1980.88,1139.2,2182.26,937.81,9.0,12.0,0.0,False
7318,62336d87da9d7ca1c7baad2c,blue,6020c1bef1e4807cc70258d0,https://octane.gg/teams/58d0-pioneers,PIONEERS,Oceania,22.0,4.0,20.0,4.0,3811.0,18.181818181818183,5037.0,5090.147709999999,573.63,30298.0,6144.0,20985.0,3844.0,9313.0,2300.0,245.0,44.0,823.0,204.0,3695.0,540.0,5636.0,519.46,373.55,1612.29,1038.44,668.98,942.54,6585152.0,781.74,1725.73,1854.04,2377.99,1689.9299999999998,293.58,103.1,1094.0,2292.1,1341.18,728.22,3029.36,1332.11,3075.21,1286.29,14.0,16.0,1.0,False
7319,62336d87da9d7ca1c7baad2c,orange,6020bc70f1e4807cc7002389,https://octane.gg/teams/2389-spacestation-gaming,SPACESTATION GAMING,North America,41.0,7.0,17.0,6.0,4183.0,17.073170731707318,5038.0,5161.35356,606.34,30673.0,7080.0,22136.0,4346.0,8537.0,2734.0,269.0,51.0,765.0,243.0,5052.0,759.0,6363.0,567.27,544.1099999999999,1466.09,833.37,761.92,1196.5099999999998,6459216.0,754.3,1635.1,1977.9,2555.9,1496.13,315.28000000000003,118.93,1073.0,1862.37,1465.96,1038.99,2633.74,1733.5499999999995,3215.84,1151.48,16.0,14.0,3.0,True
7320,62336dfeda9d7ca1c7baad2d,blue,6020c1cdf1e4807cc7025d03,https://octane.gg/teams/5d03-version1,VERSION1,North America,37.0,8.0,29.0,4.0,5864.0,21.62162162162162,7787.0,7829.078799999999,813.3900000000001,45495.0,8939.0,30297.0,5044.0,15198.0,3895.0,357.0,58.0,1323.0,338.0,5590.0,793.0,9000.0,936.08,469.17,2623.59,1232.18,977.6,1372.69,9645037.0,1151.86,2581.64,2658.99,3534.49,2468.33,389.65,131.78,1333.0,3228.5,1991.34,1172.63,4310.64,2081.83,4774.54,1617.97,25.0,30.0,2.0,False
7321,62336dfeda9d7ca1c7baad2d,orange,6020bc70f1e4807cc7002389,https://octane.gg/teams/2389-spacestation-gaming,SPACESTATION GAMING,North America,51.0,10.0,19.0,8.0,5764.0,19.607843137254903,7787.0,7822.557360000001,867.59,45336.0,10477.0,32053.0,6594.0,13283.0,3883.0,393.0,77.0,1137.0,336.0,7484.0,1167.0,8683.0,855.3400000000001,658.02,2318.86,1314.14,994.19,1562.6,9595306.0,1111.65,2526.21,2771.36,3714.3600000000006,2305.3,389.6,149.41,1408.0,2915.5600000000004,2081.6,1412.0700000000002,4045.25,2363.9700000000003,4533.84,1875.4,30.0,25.0,4.0,True
7322,62336dfeda9d7ca1c7baad2e,blue,6065dbab45122f213019c81f,https://octane.gg/teams/c81f-furia-esports,FURIA ESPORTS,South America,42.0,9.0,41.0,4.0,6665.0,21.428571428571427,6534.0,6745.91827,887.6,37503.0,8113.0,22859.0,4266.0,14644.0,3847.0,295.0,51.0,1286.0,331.0,6434.0,876.0,3777.0,526.22,511.96,1795.75,1588.47,1159.89,1465.28,8778569.0,801.8600000000001,2358.51,2996.63,3572.22,2158.69,426.1,98.17,859.0,2977.1,2081.77,1098.11,4126.76,2030.23,4377.92,1779.09,8.0,29.0,2.0,False
7323,62336dfeda9d7ca1c7baad2e,orange,6020bc70f1e4807cc70023a5,https://octane.gg/teams/23a5-g2-esports,G2 ESPORTS,North America,64.0,12.0,22.0,10.0,6181.0,18.75,7823.0,8079.42949,919.63,44857.0,11878.0,31860.0,7656.0,12997.0,4222.0,394.0,91.0,1143.0,366.0,7636.0,1374.0,6924.0,673.62,728.49,2055.14,1293.34,1093.26,1607.1,9427746.0,1152.51,2496.8900000000003,2569.7000000000003,3384.54,2406.22,428.36,162.05,1643.0,2735.69,2196.4700000000003,1286.9,3957.81,2261.29,4509.900000000001,1709.2199999999998,29.0,8.0,4.0,True
7324,62336dfeda9d7ca1c7baad2f,blue,6020bc70f1e4807cc7002389,https://octane.gg/teams/2389-spacestation-gaming,SPACESTATION GAMING,North America,34.0,7.0,28.0,5.0,5028.0,20.588235294117645,6344.0,6462.41622,730.07,34945.0,8956.0,24711.0,5727.0,10234.0,3229.0,295.0,63.0,900.0,287.0,5041.0,674.0,6646.0,653.84,567.05,1752.59,1032.83,791.53,1251.51,7379564.0,896.75,1851.55,2246.29,2885.2200000000003,1853.87,255.51,118.23,1118.0,2464.67,1494.6,1035.35,3280.94,1713.67,3547.96,1446.65,18.0,23.0,1.0,False
7325,62336dfeda9d7ca1c7baad2f,orange,6020bc70f1e4807cc70023a5,https://octane.gg/teams/23a5-g2-esports,G2 ESPORTS,North America,47.0,10.0,22.0,8.0,5201.0,21.27659574468085,6303.0,6551.64279,762.54,35448.0,8187.0,23402.0,4363.0,12046.0,3824.0,300.0,55.0,1011.0,323.0,6776.0,1109.0,6209.0,499.79,539.6899999999999,1471.78,1180.41,956.41,1267.24,7672399.0,986.34,1992.56,2031.94,2819.73,1939.6,251.51,118.56,1270.0,2395.59,1659.2600000000002,955.99,3265.0,1745.85,3683.84,1327.0,23.0,18.0,4.0,True
7326,62336dfeda9d7ca1c7baad30,blue,6020bc70f1e4807cc70023d9,https://octane.gg/teams/23d9-endpoint,ENDPOINT,Europe,33.0,2.0,14.0,2.0,2756.0,6.0606060606060606,3744.0,3877.63215,455.25,23268.0,6241.0,15887.0,3667.0,7381.0,2574.0,187.0,43.0,637.0,227.0,3111.0,718.0,2880.0,354.21000000000004,336.1,1106.68,692.1099999999999,597.46,855.8700000000001,5069510.0,523.26,1444.35,1356.81,1825.49,1265.7199999999998,233.23,64.03,774.0,1304.42,1154.17,865.85,1896.12,1428.31,2359.81,964.61,11.0,10.0,0.0,False
7327,62336dfeda9d7ca1c7baad30,orange,605aca6853a71a78eacbc155,https://octane.gg/teams/c155-faze-clan,FAZE CLAN,North America,22.0,8.0,24.0,6.0,4347.0,36.36363636363637,3733.0,3819.13776,422.21,22951.0,5428.0,15894.0,3525.0,7057.0,1903.0,193.0,40.0,618.0,172.0,3407.0,491.0,3263.0,428.99,344.99,1256.16,681.01,531.26,767.79,4863996.0,483.91,1339.38,1497.84,1860.47,1228.15,232.49,75.11,721.0,1720.76,1025.52,574.86,2305.28,1015.85,2418.16,902.95,10.0,11.0,3.0,True
7328,62336dfeda9d7ca1c7baad31,blue,6020bd98f1e4807cc700dc74,https://octane.gg/teams/dc74-team-bds,TEAM BDS,Europe,51.0,13.0,23.0,12.0,6386.0,25.49019607843137,6195.0,6320.41801,693.14,37438.0,7411.0,24948.0,3872.0,12490.0,3539.0,284.0,46.0,1091.0,317.0,3433.0,604.0,5434.0,705.0999999999999,361.03,2098.93,1231.11,896.9300000000001,1165.66,8116470.0,914.96,2147.63,2433.55,3127.5,2039.4300000000003,329.11,115.99,1227.0,2652.45,1711.4900000000002,1132.17,3573.05,1923.05,4021.56,1474.55,21.0,18.0,3.0,True
7329,62336dfeda9d7ca1c7baad31,orange,6020c1bef1e4807cc70258d0,https://octane.gg/teams/58d0-pioneers,PIONEERS,Oceania,44.0,7.0,29.0,6.0,5446.0,15.909090909090908,6873.0,6873.61837,697.99,40615.0,9969.0,28512.0,5809.0,12103.0,4160.0,339.0,70.0,1044.0,354.0,5535.0,1242.0,8116.0,649.56,435.52,2113.96,1189.34,869.48,1121.84,8630239.0,1205.76,2300.94,1971.75,2953.2200000000003,2187.61,337.62,126.05,1325.0,2477.91,1705.2999999999995,1295.27,3363.68,2114.77,3888.6,1589.85,18.0,21.0,2.0,False
7330,62336dfeda9d7ca1c7baad32,blue,6020c2b7f1e4807cc702ac15,https://octane.gg/teams/ac15-team-queso,TEAM QUESO,Europe,57.0,12.0,27.0,9.0,6431.0,21.052631578947366,6477.0,6622.451210000001,747.88,40310.0,8599.0,27164.0,4485.0,13146.0,4114.0,325.0,52.0,1157.0,362.0,5837.0,769.0,6171.0,617.75,646.6800000000001,2018.39,1149.86,943.17,1437.1799999999998,8428078.0,951.31,2250.95,2452.91,3190.74,2066.06,398.41,110.73,1064.0,2506.48,1905.5,1243.15,3495.49,2159.63,4138.4,1516.8000000000002,23.0,12.0,3.0,True
7331,62336dfeda9d7ca1c7baad32,orange,6020bc70f1e4807cc70023a0,https://octane.gg/teams/23a0-nrg-esports,NRG ESPORTS,North America,43.0,8.0,35.0,7.0,6075.0,18.6046511627907,6241.0,6364.86081,685.97,38830.0,7577.0,26986.0,4564.0,11844.0,3013.0,321.0,53.0,1023.0,257.0,5195.0,692.0,7209.0,683.3000000000001,518.78,2242.36,1201.8200000000002,882.0100000000001,1188.1799999999998,8436877.0,1042.0600000000002,2183.98,2400.86,3134.47,2086.11,406.31000000000006,110.92,1303.0,2940.33,1674.36,1012.22,3890.56,1736.35,4121.700000000001,1505.23,12.0,23.0,2.0,False
7332,62336dfeda9d7ca1c7baad33,blue,6020bc70f1e4807cc70023e9,https://octane.gg/teams/23e9-dignitas,DIGNITAS,Europe,37.0,5.0,17.0,4.0,4050.0,13.513513513513514,6291.0,6475.022080000001,750.56,35591.0,7873.0,23718.0,4492.0,11873.0,3381.0,289.0,53.0,1010.0,292.0,5426.0,812.0,4603.0,524.13,450.56000000000006,1679.61,1084.37,983.22,1242.94,7455553.0,759.4,2067.21,2305.24,2874.8,1896.25,360.8,97.15,889.0,2429.96,1676.67,1025.21,3336.91,1794.94,3593.12,1538.7100000000005,22.0,12.0,2.0,False
7333,62336dfeda9d7ca1c7baad33,orange,6020bc9bf1e4807cc70041b4,https://octane.gg/teams/41b4-evil-geniuses,EVIL GENIUSES,Europe,37.0,14.0,30.0,8.0,6027.0,37.83783783783784,6139.0,6345.12611,745.3199999999999,34865.0,7609.0,25173.0,4697.0,9692.0,2912.0,285.0,51.0,841.0,248.0,3438.0,453.0,3675.0,708.23,431.92,1843.57,1014.48,862.24,1201.36,7282171.0,661.0799999999999,2063.77,2374.48,2806.86,1978.43,314.04,103.49,1206.0,2391.27,1660.92,1047.11,3235.06,1864.24,3833.77,1265.53,12.0,22.0,3.0,True
7334,62336dfeda9d7ca1c7baad34,blue,605aca6853a71a78eacbc155,https://octane.gg/teams/c155-faze-clan,FAZE CLAN,North America,29.0,6.0,14.0,5.0,3374.0,20.689655172413797,4045.0,4054.24515,418.5,21649.0,4630.0,15468.0,2865.0,6181.0,1765.0,182.0,31.0,542.0,156.0,2600.0,245.0,3751.0,464.33,333.83,1109.3000000000002,607.55,471.06,672.7800000000001,4444515.0,514.41,1164.1799999999998,1258.41,1642.62,1099.07,195.3,75.84,721.0,1334.64,980.27,622.1199999999999,1835.94,1101.0500000000002,2257.4,679.6199999999999,10.0,9.0,3.0,True
7335,62336dfeda9d7ca1c7baad34,orange,6020bd98f1e4807cc700dc74,https://octane.gg/teams/dc74-team-bds,TEAM BDS,Europe,18.0,0.0,17.0,0.0,2590.0,0.0,3758.0,3875.5028,407.13,20711.0,4731.0,13878.0,2519.0,6833.0,2212.0,155.0,27.0,585.0,181.0,1511.0,209.0,2636.0,460.72,175.89,1183.03,640.61,451.32,616.3,4429467.0,459.6,1222.73,1246.4900000000002,1638.5,1116.08,174.26,67.09,717.0,1421.73,902.13,605.0,1886.18,1042.67,2013.37,915.49,9.0,10.0,0.0,False
7336,62336dfeda9d7ca1c7baad35,blue,6020c2b7f1e4807cc702ac15,https://octane.gg/teams/ac15-team-queso,TEAM QUESO,Europe,21.0,9.0,10.0,7.0,3502.0,42.85714285714285,2700.0,2861.9217200000003,313.39,15817.0,3974.0,11134.0,2520.0,4683.0,1454.0,130.0,28.0,408.0,129.0,2125.0,355.0,2331.0,230.66,232.32,683.64,398.02,332.88,609.58,3115482.0,339.89,881.23,845.17,1198.7199999999998,725.01,142.57000000000002,40.9,410.0,881.45,730.1300000000001,454.71,1270.1,796.19,1484.87,581.4300000000001,8.0,1.0,3.0,True
7337,62336dfeda9d7ca1c7baad35,orange,6020bc9bf1e4807cc70041b4,https://octane.gg/teams/41b4-evil-geniuses,EVIL GENIUSES,Europe,18.0,3.0,11.0,2.0,2528.0,16.666666666666664,2291.0,2303.07511,275.06000000000006,12726.0,2157.0,8713.0,1022.0,4013.0,1135.0,100.0,13.0,343.0,91.0,1301.0,283.0,1389.0,290.61,145.25,795.5699999999999,475.64,284.67,415.48,2927300.0,266.73,803.1399999999999,975.25,1109.56,795.24,140.31,41.71,467.0,1017.58,672.69,354.86,1371.16,673.96,1474.56,570.57,1.0,8.0,0.0,False
7338,62336dfeda9d7ca1c7baad36,blue,6020c1cdf1e4807cc7025d03,https://octane.gg/teams/5d03-version1,VERSION1,North America,68.0,17.0,29.0,14.0,8047.0,25.0,9304.0,9346.90293,951.67,57216.0,12418.0,38709.0,6589.0,18507.0,5829.0,464.0,78.0,1600.0,492.0,7566.0,1072.0,11933.0,1056.55,633.57,3134.86,1783.29,1100.1,1669.08,12070798.0,1435.39,3381.57,3119.81,4443.47,2948.62,544.6899999999999,150.81,1566.0,3678.58,2632.26,1625.9899999999998,5094.57,2842.23,5955.9400000000005,1980.89,33.0,23.0,3.0,False
7339,62336dfeda9d7ca1c7baad36,orange,605aca6853a71a78eacbc155,https://octane.gg/teams/c155-faze-clan,FAZE CLAN,North America,54.0,15.0,43.0,11.0,8591.0,27.77777777777778,9115.0,9164.84517,1009.81,55695.0,11321.0,38843.0,6597.0,16852.0,4724.0,455.0,77.0,1438.0,388.0,6982.0,1190.0,8479.0,1004.53,753.6999999999998,2836.63,1633.89,1286.54,1870.77,11570228.0,1283.0,3098.62,3510.04,4426.93,2916.94,547.8399999999999,201.25,1849.0,4073.16,2437.51,1381.0700000000002,5436.02,2455.68,5730.57,2161.12,23.0,33.0,4.0,True
7340,62336dfeda9d7ca1c7baad37,blue,6065dbab45122f213019c81f,https://octane.gg/teams/c81f-furia-esports,FURIA ESPORTS,South America,51.0,11.0,43.0,10.0,8155.0,21.568627450980397,7410.0,7621.52477,1019.08,45009.0,8633.0,26215.0,3861.0,18794.0,4772.0,318.0,44.0,1638.0,416.0,6112.0,619.0,3913.0,660.56,646.12,2261.63,1910.63,1574.88,1725.43,10500147.0,790.9200000000001,2887.25,3963.89,4475.15,2656.5800000000004,510.33,131.64,1138.0,3980.06,2399.05,1263.03,5357.46,2284.57,5425.73,2216.35,11.0,34.0,3.0,False
7341,62336dfeda9d7ca1c7baad37,orange,6020c2b7f1e4807cc702ac15,https://octane.gg/teams/ac15-team-queso,TEAM QUESO,Europe,71.0,15.0,31.0,13.0,7962.0,21.12676056338028,9819.0,10007.32531,1103.8000000000002,59124.0,14536.0,42576.0,9210.0,16548.0,5326.0,522.0,107.0,1443.0,462.0,9977.0,1569.0,9930.0,935.78,933.78,2457.6000000000004,1463.17,1324.33,2284.58,11628650.0,1385.9,3121.9,3199.44,4344.33,2753.52,609.4399999999999,153.86,1507.0,3283.58,2527.08,1896.58,4594.8,3112.44,5660.59,2046.6600000000003,34.0,11.0,4.0,True
7342,62336dfeda9d7ca1c7baad38,blue,605aca6853a71a78eacbc155,https://octane.gg/teams/c155-faze-clan,FAZE CLAN,North America,41.0,7.0,28.0,6.0,5356.0,17.073170731707318,6466.0,6509.388800000001,697.29,37733.0,9194.0,26488.0,6019.0,11245.0,3175.0,317.0,69.0,958.0,283.0,5255.0,835.0,6228.0,704.69,549.09,1964.54,1119.66,866.1399999999999,1238.07,7927292.0,933.61,2081.51,2324.36,2981.22,1991.54,366.7,132.6,1231.0,2578.25,1716.1,1045.13,3516.0,1823.45,3876.02,1463.44,16.0,22.0,1.0,False
7343,62336dfeda9d7ca1c7baad38,orange,6020c2b7f1e4807cc702ac15,https://octane.gg/teams/ac15-team-queso,TEAM QUESO,Europe,47.0,13.0,25.0,7.0,6258.0,27.659574468085108,6631.0,6727.11604,760.75,38869.0,9449.0,26508.0,5708.0,12361.0,3741.0,324.0,65.0,1104.0,324.0,6330.0,855.0,6764.0,605.36,629.6700000000001,1772.84,1084.39,879.45,1470.9299999999998,8083776.0,930.1899999999998,2202.2200000000003,2223.9,3107.95,1886.7,361.7000000000001,105.09,1036.0,2460.58,1783.21,1112.51,3423.56,1932.74,3852.46,1503.88,22.0,16.0,4.0,True
7344,62336dfeda9d7ca1c7baad39,blue,6020bc70f1e4807cc7002389,https://octane.gg/teams/2389-spacestation-gaming,SPACESTATION GAMING,North America,56.0,12.0,34.0,8.0,7016.0,21.428571428571427,8769.0,8874.53588,1001.58,48918.0,11132.0,34255.0,6636.0,14663.0,4496.0,408.0,77.0,1241.0,381.0,6720.0,944.0,10081.0,940.43,745.4599999999999,2565.33,1581.98,1126.44,1665.64,10510944.0,1256.9,2662.44,3260.99,4163.17,2602.07,415.05,172.02,1575.0,3471.84,2194.89,1513.61,4640.56,2539.78,5166.74,2013.57,28.0,25.0,3.0,False
7345,62336dfeda9d7ca1c7baad39,orange,6020c2b7f1e4807cc702ac15,https://octane.gg/teams/ac15-team-queso,TEAM QUESO,Europe,61.0,16.0,38.0,12.0,8096.0,26.229508196721312,9241.0,9550.13654,1023.55,52590.0,12661.0,35860.0,7739.0,16730.0,4922.0,425.0,89.0,1446.0,437.0,7190.0,1287.0,9604.0,906.53,735.1400000000001,2553.58,1435.15,1178.5500000000002,1761.4299999999998,10602204.0,1233.46,2843.59,3079.38,4113.74,2583.4,459.2099999999999,135.95999999999998,1341.0,3325.26,2268.78,1562.3000000000002,4556.92,2599.4700000000003,5096.120000000001,2060.27,25.0,28.0,4.0,True
7346,62336dfeda9d7ca1c7baad3a,blue,6020bc70f1e4807cc70023a5,https://octane.gg/teams/23a5-g2-esports,G2 ESPORTS,North America,64.0,13.0,38.0,12.0,7949.0,20.3125,9014.0,9075.21057,1033.01,53898.0,12186.0,36947.0,6852.0,16951.0,5334.0,442.0,80.0,1439.0,443.0,7788.0,1154.0,8913.0,942.42,874.2900000000001,2708.2,1543.36,1312.8000000000002,1882.54,11879314.0,1499.5500000000002,3183.9299999999994,3025.51,4230.32,2994.88,483.86,188.15000000000003,1988.0,3604.06,2528.92,1575.96,4902.219999999999,2806.75,5492.18,2216.8100000000004,27.0,12.0,3.0,False
7347,62336dfeda9d7ca1c7baad3a,orange,6020c2b7f1e4807cc702ac15,https://octane.gg/teams/ac15-team-queso,TEAM QUESO,Europe,64.0,14.0,44.0,10.0,8605.0,21.875,9216.0,9416.19405,1047.51,55537.0,12206.0,36284.0,6943.0,19253.0,5263.0,446.0,81.0,1577.0,455.0,8863.0,1198.0,9633.0,901.47,771.4000000000001,2604.51,1642.6,1297.37,1942.28,11362742.0,1260.3,3100.33,3294.51,4342.18,2731.26,581.77,159.64,1527.0,3726.48,2426.9,1501.78,4996.9400000000005,2658.2000000000003,5677.21,1977.95,12.0,27.0,4.0,True
7348,6240dedac437fde7e02d2cd9,blue,6020bc70f1e4807cc70023a5,https://octane.gg/teams/23a5-g2-esports,G2 ESPORTS,North America,39.0,11.0,31.0,10.0,6474.0,28.205128205128204,7842.0,7949.830760000001,877.2900000000001,44056.0,11876.0,30411.0,7564.0,13645.0,4312.0,373.0,83.0,1156.0,361.0,7041.0,845.0,7344.0,749.52,657.87,2174.99,1298.52,996.6,1495.38,9400429.0,1125.08,2529.03,2479.04,3419.24,2332.16,381.76,153.01999999999998,1583.0,2890.71,1994.65,1247.78,3934.07,2199.01,4485.02,1648.1,34.0,20.0,4.0,True
7349,6240dedac437fde7e02d2cd9,orange,6020c2b7f1e4807cc702ac15,https://octane.gg/teams/ac15-team-queso,TEAM QUESO,Europe,46.0,6.0,22.0,6.0,5203.0,13.043478260869565,7708.0,7751.722180000001,859.97,42917.0,10189.0,27719.0,5424.0,15198.0,4765.0,337.0,63.0,1229.0,359.0,6356.0,851.0,7850.0,708.3,614.21,2238.1400000000003,1288.17,898.79,1506.39,9197629.0,1065.39,2475.3,2546.86,3466.69,2223.59,397.27,125.75,1249.0,2888.42,1937.69,1261.41,3942.54,2144.98,4339.65,1747.9,20.0,34.0,2.0,False
